{
    "http://www.casa-alba.ro/oferta/garsoniera-de-vanzare-iasi-alexandru-cel-bun-dacia/5586": {
        "descriere": "Agentia Imobiliara Casa Alba va prezinta spre vanzare o garsoniera situata in zona Alexandru cel Bun. Garsoniera are suprafata de 24mp, beneficiaza de tamplarie cu geam termopan, gresie, faianta, parchet. Pretul solicitat este de 22.500 euro.", 
        "detalii": {
            "Etaj:": "Parter", 
            "ID proprietate:": "#5586", 
            "Nr camere:": "1", 
            "Suprafata:": "24,00 mp", 
            "Tip oferta:": "Vanzare", 
            "Tip proprietate:": "Garsoniere", 
            "Zona:": "Alexandru cel Bun / Dacia Iasi"
        }, 
        "dotari": {
            "An constructie:": "inainte de 1977", 
            "Geam termopan:": "Da", 
            "Utilitati:": []
        }, 
        "pret": {
            "moneda": "EUR", 
            "valoare": "22.500"
        }, 
        "titlu": "Garsoniera de vanzare Iasi, Alexandru cel Bun", 
        "vandut": "Da"
    }, 
    "http://www.casa-alba.ro/oferta/garsoniera-de-vanzare-iasi-alexandru-cel-bun-dacia/5718": {
        "descriere": "Agentia Imobiliara CASA ALBA va prezinta spre vanzare o garsoniera mobilata situata intr-un imobil din zona Alexandru cel Bun. Garsoniera este situata la etaj intermediar, are suprafata utila de 19.46mp, beneficiaza de tamplarie cu geam termopan, gresie, faianta, parchet, boiler. Pretul solicitat pentru vanzarea acestei garsoniere este de 21.500 euro.", 
        "detalii": {
            "ID proprietate:": "#5718", 
            "Nr camere:": "1", 
            "Suprafata:": "20,00 mp", 
            "Tip oferta:": "Vanzare", 
            "Tip proprietate:": "Garsoniere", 
            "Zona:": "Alexandru cel Bun / Dacia Iasi"
        }, 
        "dotari": {
            "Geam termopan:": "Da", 
            "Utilitati:": []
        }, 
        "pret": {
            "moneda": "EUR", 
            "valoare": "21.500"
        }, 
        "titlu": "Garsoniera de vanzare Iasi, Alexandru cel Bun", 
        "vandut": "Nu"
    }, 
    "http://www.casa-alba.ro/oferta/garsoniera-de-vanzare-iasi-copou/4702": {
        "descriere": "Agentia Imobiliara Casa Alba va prezinta spre vanzare o garsoniera cu suprafata de 18.72mp, situata la etajul unu al unui imobil din zona Copou. Garsoniera beneficiaza de baie, bucatarie, este mobilata si in prezent este inchiriata la pretul de 190 euro lunar, iar chiriasii actuali doresc sa prelungeasca perioada de inchiriere pentru urmatorii doi ani daca si viitorul proprietar va dori. Cheltuielile sunt foarte mici, de aproximativ 200 lei pe luna inclusiv apa. Ideal pentru investitie! Garsoniera poate fi achizitionata pentru pretul de 22.500 euro. www.casa-alba.ro, COD OFERTA 4702.", 
        "detalii": {
            "Etaj:": "1", 
            "ID proprietate:": "#4702", 
            "Nr camere:": "1", 
            "Suprafata:": "19,00 mp", 
            "Tip oferta:": "Vanzare", 
            "Tip proprietate:": "Garsoniere", 
            "Zona:": "Copou Iasi"
        }, 
        "dotari": {
            "Geam termopan:": "Da", 
            "Usa metalica:": "Da", 
            "Utilitati:": []
        }, 
        "pret": {
            "moneda": "EUR", 
            "valoare": "22.500"
        }, 
        "titlu": "Garsoniera 18.72mp de vanzare Iasi, Copou", 
        "vandut": "Da"
    }, 
    "http://www.casa-alba.ro/oferta/garsoniera-de-vanzare-iasi-gara/5850": {
        "descriere": "Agentia Imobiliara CASA ALBA va prezinta spre vanzare o garsoniera situata in zona Billa - Gara. Garsoniera are suprafata de 27mp, este situata la etajul 2 / 4, este proaspat varuita, beneficiaza de tamplarie cu geam termopan, gresie, faianta, parchet, usa metalica, geam de aerisire la baie. Pretul solicitat pentru vanzarea acestei garsoniere este de 30.000 euro.", 
        "detalii": {
            "Etaj:": "2", 
            "ID proprietate:": "#5850", 
            "Nr camere:": "1", 
            "Suprafata:": "27,00 mp", 
            "Tip oferta:": "Vanzare", 
            "Tip proprietate:": "Garsoniere", 
            "Zona:": "Gara Iasi"
        }, 
        "dotari": {
            "Geam termopan:": "Da", 
            "Utilitati:": []
        }, 
        "pret": {
            "moneda": "EUR", 
            "valoare": "30.000"
        }, 
        "titlu": "Garsoniera de vanzare Iasi, Billa - GARA", 
        "vandut": "Nu"
    }, 
    "http://www.casa-alba.ro/oferta/garsoniera-de-vanzare-iasi-gara/5903": {
        "descriere": "Agentia Imobiliara Casa Alba va prezinta o garsoniera la vanzare, situata la etaj intermediar intr-un bloc din zona Gara. Garsoniera este decomandata, este partial mobilata, beneficiaza de centrala termica, tamplarie cu geam termopan, gresie, faianta, parchet, usa metalica. Pretul solicitat pentru vanzarea garsonierei este de 32.000 euro.", 
        "detalii": {
            "Etaj:": "1", 
            "ID proprietate:": "#5903", 
            "Nr camere:": "1", 
            "Suprafata:": "27,00 mp", 
            "Tip oferta:": "Vanzare", 
            "Tip proprietate:": "Garsoniere", 
            "Zona:": "Gara Iasi"
        }, 
        "dotari": {
            "An constructie:": "inainte de 1977", 
            "Centrala termica:": "Da", 
            "Geam termopan:": "Da", 
            "Tip apartament:": "Decomandat", 
            "Usa metalica:": "Da", 
            "Utilitati:": [
                "Apa", 
                "Gaze", 
                "Canal", 
                "Electricitate"
            ]
        }, 
        "pret": {
            "moneda": "EUR", 
            "valoare": "32.000"
        }, 
        "titlu": "Garsoniera de vanzare Iasi, Gara", 
        "vandut": "Nu"
    }, 
    "http://www.casa-alba.ro/oferta/garsoniera-de-vanzare-iasi-mircea-cel-batran/4546": {
        "descriere": "Agentia Imobiliara Casa Alba va prezinta o garsoniera LIBERA situata le etaj intermediar intr-un imobil din zona Mircea cel Batran. Garsoniera beneficiaza tamplarie cu geam termopan, usa metalica si are suprafata de 22mp. Garsoniera se poate achizitiona la pretul de 22.000 euro negociabil. COD OFERTA 4546.", 
        "detalii": {
            "Etaj:": "6", 
            "ID proprietate:": "#4546", 
            "Nr camere:": "1", 
            "Suprafata:": "22,00 mp", 
            "Tip oferta:": "Vanzare", 
            "Tip proprietate:": "Garsoniere", 
            "Zona:": "Mircea cel Batran Iasi"
        }, 
        "dotari": {
            "Geam termopan:": "Da", 
            "Negociabil:": "Da", 
            "Utilitati:": []
        }, 
        "pret": {
            "moneda": "EUR", 
            "valoare": "22.000"
        }, 
        "titlu": "Garsoniera de vanzare Iasi, Mircea cel Batran", 
        "vandut": "Nu"
    }, 
    "http://www.casa-alba.ro/oferta/garsoniera-de-vanzare-iasi-nicolina-frumoasa-cug/4334": {
        "descriere": "Agentia Imobiliara Casa Alba va prezinta o garsoniera situata la etaj intermediar in zona Nicolina. Garsoniera beneficiaza de usa metalica, balcon inchis, tamplarie cu geam termopan si poate fi achizitionata la pretul de 23.000 euro. Pentru mai multe detalii si oferte, accesati site-ul www.casa-alba.ro, COD OFERTA 4334.", 
        "detalii": {
            "Etaj:": "3", 
            "ID proprietate:": "#4334", 
            "Nr camere:": "1", 
            "Suprafata:": "24,00 mp", 
            "Tip oferta:": "Vanzare", 
            "Tip proprietate:": "Garsoniere", 
            "Zona:": "Nicolina / Frumoasa / CUG Iasi"
        }, 
        "dotari": {
            "An constructie:": "1977 - 1990", 
            "Geam termopan:": "Da", 
            "Utilitati:": []
        }, 
        "pret": {
            "moneda": "EUR", 
            "valoare": "23.000"
        }, 
        "titlu": "Garsoniera de vanzare Iasi, Nicolina", 
        "vandut": "Da"
    }, 
    "http://www.casa-alba.ro/oferta/garsoniera-de-vanzare-iasi-nicolina-frumoasa-cug/4494": {
        "descriere": "Agentia Imobiliara Casa Alba va prezinta o garsoniera renovata recent situata la etaj intermediar in zona Nicolina – la bulevard. Garsoniera beneficiaza de gresie, faianta, parchet, tamplarie cu geam termopan, izolatie termica exterioara, camera video la intrare, scara foarte curata, vecini linistiti. Garsoniera se poate achizitiona la pretul de 22.500 euro. COD OFERTA 4494.", 
        "detalii": {
            "Etaj:": "3", 
            "ID proprietate:": "#4494", 
            "Nr camere:": "1", 
            "Suprafata:": "24,00 mp", 
            "Tip oferta:": "Vanzare", 
            "Tip proprietate:": "Garsoniere", 
            "Zona:": "Nicolina / Frumoasa / CUG Iasi"
        }, 
        "dotari": {
            "An constructie:": "1977 - 1990", 
            "Geam termopan:": "Da", 
            "Utilitati:": [
                "Apa", 
                "Canal", 
                "Electricitate"
            ]
        }, 
        "pret": {
            "moneda": "EUR", 
            "valoare": "22.500"
        }, 
        "titlu": "Garsoniera de vanzare Iasi, Nicolina", 
        "vandut": "Da"
    }, 
    "http://www.casa-alba.ro/oferta/garsoniera-de-vanzare-iasi-nicolina-frumoasa-cug/4798": {
        "descriere": "Agentia Imobiliara CASA ALBA va prezinta spre vanzare o garsoniera situata in zona Nicolina 1 - la bulevard. Suprafata garsonierei este de 24mp si beneficiaza de tamplarie cu geam termopan, izolatie termica. Se accepta credit Prima Casa! Garsoniera poate fi achizitionata la pretul de 21.500 euro negociabil. www.casa-alba.ro, COD OFERTA 4798.", 
        "detalii": {
            "Etaj:": "4", 
            "ID proprietate:": "#4798", 
            "Nr camere:": "1", 
            "Suprafata:": "24,00 mp", 
            "Tip oferta:": "Vanzare", 
            "Tip proprietate:": "Garsoniere", 
            "Zona:": "Nicolina / Frumoasa / CUG Iasi"
        }, 
        "dotari": {
            "An constructie:": "1977 - 1990", 
            "Geam termopan:": "Da", 
            "Negociabil:": "Da", 
            "Utilitati:": []
        }, 
        "pret": {
            "moneda": "EUR", 
            "valoare": "21.500"
        }, 
        "titlu": "Garsoniera de vanzare Iasi, Nicolina 1", 
        "vandut": "Nu"
    }, 
    "http://www.casa-alba.ro/oferta/garsoniera-de-vanzare-iasi-nicolina-frumoasa-cug/4922": {
        "descriere": "Agentia Imobiliara Casa Alba va prezinta o garsoniera situata in zona Nicolina - foarte aproape de bulevard, intr-un bloc izolat termic exterior, cu scara foarte curata. Suprafata garsonierei este de 24mp, beneficiaza de tamplarie cu geam termopan, gresie, faianta, parchet, balcon inchis. Pretul solicitat pentru vanzarea acestei garsoniere este de 20.800 euro. www.casa-alba.ro, COD OFERTA 4922.", 
        "detalii": {
            "Etaj:": "4", 
            "ID proprietate:": "#4922", 
            "Nr camere:": "1", 
            "Suprafata:": "24,00 mp", 
            "Tip oferta:": "Vanzare", 
            "Tip proprietate:": "Garsoniere", 
            "Zona:": "Nicolina / Frumoasa / CUG Iasi"
        }, 
        "dotari": {
            "An constructie:": "1977 - 1990", 
            "Geam termopan:": "Da", 
            "Utilitati:": []
        }, 
        "pret": {
            "moneda": "EUR", 
            "valoare": "20.800"
        }, 
        "titlu": "Garsoniera de vanzare Iasi, Nicolina", 
        "vandut": "Nu"
    }, 
    "http://www.casa-alba.ro/oferta/garsoniera-de-vanzare-iasi-nicolina-frumoasa-cug/5526": {
        "descriere": "Agentia Imobiliara CASA ALBA va prezinta spre vanzare o garsoniera situata la etaj intermediar intr-un imobil din zona Nicolina - prima statie dupa Podu Ros. Garsoniera are suprafata de 24mp, este libera, are balcon si beneficiaza de usa metalica la intrare, parchet, este varuita recent. Pretul de vanzare pentru aceasta garsoniera este de 24.000 euro.", 
        "detalii": {
            "Etaj:": "2", 
            "ID proprietate:": "#5526", 
            "Nr camere:": "1", 
            "Suprafata:": "24,00 mp", 
            "Tip oferta:": "Vanzare", 
            "Tip proprietate:": "Garsoniere", 
            "Zona:": "Nicolina / Frumoasa / CUG Iasi"
        }, 
        "dotari": {
            "Usa metalica:": "Da", 
            "Utilitati:": []
        }, 
        "pret": {
            "moneda": "EUR", 
            "valoare": "24.000"
        }, 
        "titlu": "Garsoniera de vanzare Iasi, Nicolina 1", 
        "vandut": "Nu"
    }, 
    "http://www.casa-alba.ro/oferta/garsoniera-de-vanzare-iasi-nicolina-frumoasa-cug/5872": {
        "descriere": "Agentia Imobiliara CASA ALBA va prezinta spre vanzare o garsoniera renovata complet, mobilata si utilata, situata intr-un imobil din zona Nicolina - in spatele Garii Internationale (Nicolina 1). Garsoniera are suprafata de 21mp, beneficiaza de geam termopan, gresie, faianta, parchet, iar totul este nou. Pretul de vanzare pentru aceasta garsoniera mobilata si utilata este de 22.000 euro. www.casa-alba.ro, COD OFERTA 5872.", 
        "detalii": {
            "Etaj:": "Parter", 
            "ID proprietate:": "#5872", 
            "Nr camere:": "1", 
            "Suprafata:": "21,00 mp", 
            "Tip oferta:": "Vanzare", 
            "Tip proprietate:": "Garsoniere", 
            "Zona:": "Nicolina / Frumoasa / CUG Iasi"
        }, 
        "dotari": {}, 
        "pret": {
            "moneda": "EUR", 
            "valoare": "22.000"
        }, 
        "titlu": "Garsoniera de vanzare Iasi, Nicolina", 
        "vandut": "Nu"
    }, 
    "http://www.casa-alba.ro/oferta/garsoniera-de-vanzare-iasi-podu-ros/5073": {
        "descriere": "Agentia Imobiliara Casa Alba va prezinta spre vanzare o garsoniera situata in zona Podu Ros - Cantemir. Garsoniera beneficiaza de tamplarie cu geam termopan, gresie, faianta, parchet, aer conditionat si este izolata termica. Pretul solicitat pentru vanzarea acestei garsoniere este de 20.000 euro. Pentru mai multe detalii si oferte, accesati www.casa-alba.ro, COD OFERTA 5073.", 
        "detalii": {
            "Etaj:": "1", 
            "ID proprietate:": "#5073", 
            "Nr camere:": "1", 
            "Tip oferta:": "Vanzare", 
            "Tip proprietate:": "Garsoniere", 
            "Zona:": "Podu Ros Iasi"
        }, 
        "dotari": {
            "Geam termopan:": "Da", 
            "Utilitati:": []
        }, 
        "pret": {
            "moneda": "EUR", 
            "valoare": "20.000"
        }, 
        "titlu": "Garsoniera de vanzare Iasi, Podu Ros - Cantemir", 
        "vandut": "Nu"
    }, 
    "http://www.casa-alba.ro/oferta/garsoniera-de-vanzare-iasi-podu-ros/5173": {
        "descriere": "Agentia Imobiliara Casa Alba va prezinta o garsoniera propusa spre vanzare, situata intr-un imobil din zona Podu Ros - Gara Internationala. Garsoniera este curata, beneficiaza de tamplarie cu geam termopan, parchet in camera, gresie si faianta in baie si bucatarie. Pretul solicitat pentru vanzare este de 19.000. Pentru mai multe detalii si oferte, accesati www.casa-alba.ro, COD OFERTA 5173.", 
        "detalii": {
            "Etaj:": "6", 
            "ID proprietate:": "#5173", 
            "Nr camere:": "1", 
            "Suprafata:": "30,00 mp", 
            "Tip oferta:": "Vanzare", 
            "Tip proprietate:": "Garsoniere", 
            "Zona:": "Podu Ros Iasi"
        }, 
        "dotari": {
            "Geam termopan:": "Da", 
            "Utilitati:": []
        }, 
        "pret": {
            "moneda": "EUR", 
            "valoare": "19.000"
        }, 
        "titlu": "Garsoniera de vanzare Iasi, Podu Ros - Gara Internationala", 
        "vandut": "Da"
    }, 
    "http://www.casa-alba.ro/oferta/garsoniera-de-vanzare-iasi-tatarasi-oancea-metalurgie/3298": {
        "descriere": "A venit timpul sa va mutati! Agentia Imobiliara CASA ALBA vine in sprijinul dumneavoastra si va prezinta spre vanzare o garsoniera complet renovata cu suprafata de 33mp, situata la un etaj intermediar al unui imobil fara risc seismic din zona Tatarasi. Garsoniera beneficiaza de tamplarie cu geam termopan, gresie, faianta, parchet, balcon inchis, usa metalica, usi interioare. Puteti deveni proprietar al acestui apartament la pretul de 31 000 euro negociabil!", 
        "detalii": {
            "Etaj:": "7", 
            "ID proprietate:": "#3298", 
            "Nr camere:": "1", 
            "Suprafata:": "33,00 mp", 
            "Tip oferta:": "Vanzare", 
            "Tip proprietate:": "Garsoniere", 
            "Zona:": "Tatarasi / Oancea / Metalurgie Iasi"
        }, 
        "dotari": {
            "An constructie:": "inainte de 1977", 
            "Geam termopan:": "Da", 
            "Negociabil:": "Da", 
            "Usa metalica:": "Da", 
            "Utilitati:": []
        }, 
        "pret": {
            "moneda": "EUR", 
            "valoare": "31.000"
        }, 
        "titlu": "Garsoniera de vanzare Iasi, Tatarasi", 
        "vandut": "Da"
    }, 
    "http://www.casa-alba.ro/oferta/garsoniera-de-vanzare-iasi-tatarasi-oancea-metalurgie/4446": {
        "descriere": "Agentia Imobiliara CASA ALBA va prezinta urmatoarea oportunitate: o garsoniera cu suprafata de 32mp, situata la un etaj intermediar al unui imobil fara risc seismic din zona Tatarasi. Garsoniera beneficiaza de tamplarie exterioara cu geam termopan, gresie, faianta, parchet, usa metalica, bucatarie inchisa, semi-mobilat. Garsoniera poate fi achizitionata la pretul de 23.000 euro!", 
        "detalii": {
            "Etaj:": "3", 
            "ID proprietate:": "#4446", 
            "Nr camere:": "1", 
            "Suprafata:": "32,00 mp", 
            "Tip oferta:": "Vanzare", 
            "Tip proprietate:": "Garsoniere", 
            "Zona:": "Tatarasi / Oancea / Metalurgie Iasi"
        }, 
        "dotari": {
            "An constructie:": "1977 - 1990", 
            "Geam termopan:": "Da", 
            "Usa metalica:": "Da", 
            "Utilitati:": [
                "Apa", 
                "Canal", 
                "Electricitate"
            ]
        }, 
        "pret": {
            "moneda": "EUR", 
            "valoare": "23.000"
        }, 
        "titlu": "Garsoniera de vanzare Iasi, Tatarasi", 
        "vandut": "Da"
    }, 
    "http://www.casa-alba.ro/oferta/garsoniera-de-vanzare-iasi-tatarasi-oancea-metalurgie/4584": {
        "descriere": "Agentia Imobiliara Casa Alba va propune spre vanzare o garsoniera mobilata situata la etaj intermediar intr-un imobil din zona Tatarasi. Garsoniera beneficiaza de gresie, faianta, parchet, tamplarie cu geam termopan, usa metalica, balcon inchis. Pretul de vanzare al acestei proprietati este de 25 000 euro. www.casa-alba.ro, COD OFERTA 4584.", 
        "detalii": {
            "Etaj:": "5", 
            "ID proprietate:": "#4584", 
            "Nr camere:": "1", 
            "Suprafata:": "32,00 mp", 
            "Tip oferta:": "Vanzare", 
            "Tip proprietate:": "Garsoniere", 
            "Zona:": "Tatarasi / Oancea / Metalurgie Iasi"
        }, 
        "dotari": {
            "An constructie:": "inainte de 1977", 
            "Geam termopan:": "Da", 
            "Tip apartament:": "Decomandat", 
            "Usa metalica:": "Da", 
            "Utilitati:": []
        }, 
        "pret": {
            "moneda": "EUR", 
            "valoare": "25.000"
        }, 
        "titlu": "Garsoniera mobilata de vanzare Iasi, Tatarasi", 
        "vandut": "Da"
    }, 
    "http://www.casa-alba.ro/oferta/garsoniera-de-vanzare-iasi-tatarasi-oancea-metalurgie/4709": {
        "descriere": "Agentia Imobiliara Casa Alba va prezinta spre vanzare o garsoniera situata la etaj intermediar intr-un imobil din zona Tatarasi. Garsoniera are suprafata de 22mp si beneficiaza de aer conditionat, tamplarie cu geam termopan, gresie, faianta, parchet. Apartamentul poate fi achizitionat pentru pretul de 19.000 euro. www.casa-alba.ro, COD OFERTA 4709.", 
        "detalii": {
            "Etaj:": "7", 
            "ID proprietate:": "#4709", 
            "Nr camere:": "1", 
            "Suprafata:": "22,00 mp", 
            "Tip oferta:": "Vanzare", 
            "Tip proprietate:": "Garsoniere", 
            "Zona:": "Tatarasi / Oancea / Metalurgie Iasi"
        }, 
        "dotari": {
            "Aer conditionat:": "Da", 
            "Geam termopan:": "Da", 
            "Tip apartament:": "Decomandat", 
            "Utilitati:": []
        }, 
        "pret": {
            "moneda": "EUR", 
            "valoare": "19.000"
        }, 
        "titlu": "Garsoniera de vanzare Iasi, Tatarasi", 
        "vandut": "Da"
    }, 
    "http://www.casa-alba.ro/oferta/garsoniera-de-vanzare-iasi-tatarasi-oancea-metalurgie/5043": {
        "descriere": "Agentia Imobiliara Casa Alba va prezinta spre vanzare o garsoniera situata intr-un imobil din zona Tatarasi - Flora. Garsoniera are suprafata de 31mp, este renovata recent, totul nou, de foare buna calitate, beneficiaza de tamplarie cu geam termopan, gresie, faianta, parchet, usa metalica si este mobilata si utilata. Pretul de vanzare al acestei garsoniere este de 25.000 euro nemobilata, 26.500 euro mobilata. www.casa-alba.ro, Cod Oferta 5043.", 
        "detalii": {
            "Etaj:": "Parter", 
            "ID proprietate:": "#5043", 
            "Nr camere:": "1", 
            "Suprafata:": "31,00 mp", 
            "Tip oferta:": "Vanzare", 
            "Tip proprietate:": "Garsoniere", 
            "Zona:": "Tatarasi / Oancea / Metalurgie Iasi"
        }, 
        "dotari": {
            "An constructie:": "1977 - 1990", 
            "Negociabil:": "Da", 
            "Regim inaltime:": "P+9", 
            "Tip apartament:": "Decomandat", 
            "Tip imobil:": "Vechi", 
            "Usa metalica:": "Da", 
            "Utilitati:": [
                "Apa", 
                "Gaze", 
                "Canal", 
                "Electricitate"
            ]
        }, 
        "pret": {
            "moneda": "EUR", 
            "valoare": "25.000"
        }, 
        "titlu": "Garsoniera de vanzare, zona Tatarasi", 
        "vandut": "Da"
    }, 
    "http://www.casa-alba.ro/oferta/garsoniera-de-vanzare-iasi-tatarasi-oancea-metalurgie/5408": {
        "descriere": "Agentia Imobiliara CASA ALBA vine in sprijinul dumneavoastra si va prezinta o garsoniera foarte frumos amenajata, situata intr-un imobil din zona Tatarasi. Garsoniera arata foarte bine si beneficiaza de tamplarie exterioara cu geam termopan, gresie, faianta, parchet, usa metalica. Moderna si foarte primitoare, garsoniera poate fi achizitionata pentru pretul de 27.000 euro. Merita vazuta!", 
        "detalii": {
            "Etaj:": "4", 
            "ID proprietate:": "#5408", 
            "Nr camere:": "1", 
            "Suprafata:": "30,00 mp", 
            "Tip oferta:": "Vanzare", 
            "Tip proprietate:": "Garsoniere", 
            "Zona:": "Tatarasi / Oancea / Metalurgie Iasi"
        }, 
        "dotari": {
            "Geam termopan:": "Da", 
            "Tip apartament:": "Decomandat", 
            "Usa metalica:": "Da", 
            "Utilitati:": [
                "Apa", 
                "Canal", 
                "Electricitate"
            ]
        }, 
        "pret": {
            "moneda": "EUR", 
            "valoare": "27.000"
        }, 
        "titlu": "Garsoniera de vanzare Iasi, Tatarasi", 
        "vandut": "Nu"
    }
}